iteration,best_fitness,coverage
1.0,10.0,0.02749999999999997
2.0,10.0,0.03500000000000003
3.0,10.0,0.040000000000000036
4.0,10.0,0.040000000000000036
5.0,10.0,0.04500000000000004
6.0,10.0,0.04749999999999999
7.0,10.0,0.057499999999999996
8.0,10.0,0.0625
9.0,10.0,0.0675
10.0,10.0,0.07250000000000001
11.0,10.0,0.07750000000000001
12.0,7.0,0.08999999999999997
13.0,7.0,0.09499999999999997
14.0,7.0,0.09750000000000003
15.0,7.0,0.09999999999999998
16.0,7.0,0.10250000000000004
17.0,7.0,0.10499999999999998
18.0,7.0,0.10750000000000004
19.0,7.0,0.10750000000000004
20.0,7.0,0.10750000000000004
21.0,7.0,0.10999999999999999
22.0,7.0,0.10999999999999999
23.0,7.0,0.12
24.0,7.0,0.12250000000000005
25.0,7.0,0.125
26.0,6.0,0.13
27.0,6.0,0.135
28.0,6.0,0.14
29.0,6.0,0.14
30.0,6.0,0.14
31.0,6.0,0.14249999999999996
32.0,6.0,0.14249999999999996
33.0,6.0,0.14249999999999996
34.0,6.0,0.14249999999999996
35.0,6.0,0.14249999999999996
36.0,6.0,0.14500000000000002
37.0,6.0,0.14749999999999996
38.0,6.0,0.15000000000000002
39.0,6.0,0.15000000000000002
40.0,6.0,0.15249999999999997
41.0,6.0,0.15500000000000003
42.0,6.0,0.15749999999999997
43.0,6.0,0.15749999999999997
44.0,6.0,0.15749999999999997
45.0,6.0,0.16249999999999998
46.0,6.0,0.16249999999999998
47.0,6.0,0.16249999999999998
48.0,6.0,0.16500000000000004
49.0,6.0,0.16749999999999998
50.0,6.0,0.16749999999999998
51.0,6.0,0.16749999999999998
52.0,6.0,0.16749999999999998
53.0,6.0,0.17000000000000004
54.0,6.0,0.1725
55.0,6.0,0.1725
56.0,6.0,0.1725
57.0,6.0,0.1725
58.0,6.0,0.1725
59.0,6.0,0.1725
60.0,6.0,0.17500000000000004
61.0,6.0,0.1775
62.0,6.0,0.18000000000000005
63.0,6.0,0.18000000000000005
64.0,6.0,0.18000000000000005
65.0,6.0,0.1825
66.0,6.0,0.1825
67.0,6.0,0.18500000000000005
68.0,6.0,0.18500000000000005
69.0,6.0,0.1875
70.0,6.0,0.18999999999999995
71.0,6.0,0.18999999999999995
72.0,6.0,0.18999999999999995
73.0,6.0,0.18999999999999995
74.0,6.0,0.18999999999999995
75.0,6.0,0.1925
76.0,6.0,0.19499999999999995
77.0,6.0,0.19499999999999995
78.0,6.0,0.1975
79.0,6.0,0.1975
80.0,6.0,0.1975
81.0,6.0,0.2025
82.0,6.0,0.20499999999999996
83.0,6.0,0.20499999999999996
84.0,6.0,0.20499999999999996
85.0,6.0,0.20750000000000002
86.0,6.0,0.20750000000000002
87.0,6.0,0.20750000000000002
88.0,6.0,0.20750000000000002
89.0,6.0,0.20750000000000002
90.0,6.0,0.20750000000000002
91.0,-6.0,0.21250000000000002
92.0,-6.0,0.21250000000000002
93.0,-6.0,0.21250000000000002
94.0,-6.0,0.21250000000000002
95.0,-6.0,0.21250000000000002
96.0,-6.0,0.21250000000000002
97.0,-6.0,0.21750000000000003
98.0,-6.0,0.21750000000000003
99.0,-6.0,0.21750000000000003
100.0,-6.0,0.21750000000000003
101.0,-6.0,0.21750000000000003
102.0,-6.0,0.21750000000000003
103.0,-6.0,0.21999999999999997
104.0,-6.0,0.22250000000000003
105.0,-6.0,0.22250000000000003
106.0,-6.0,0.22499999999999998
107.0,-6.0,0.22750000000000004
108.0,-6.0,0.22750000000000004
109.0,-6.0,0.23250000000000004
110.0,-6.0,0.23250000000000004
111.0,-6.0,0.235
112.0,-6.0,0.235
113.0,-6.0,0.235
114.0,-6.0,0.235
115.0,-6.0,0.235
116.0,-6.0,0.23750000000000004
117.0,-6.0,0.23750000000000004
118.0,-6.0,0.24250000000000005
119.0,-6.0,0.24250000000000005
120.0,-6.0,0.24250000000000005
121.0,-6.0,0.245
122.0,-6.0,0.245
123.0,-6.0,0.245
124.0,-6.0,0.245
125.0,-6.0,0.245
126.0,-6.0,0.245
127.0,-6.0,0.245
128.0,-6.0,0.245
129.0,-6.0,0.245
130.0,-6.0,0.245
131.0,-6.0,0.245
132.0,-6.0,0.245
133.0,-6.0,0.245
134.0,-6.0,0.245
135.0,-6.0,0.245
136.0,-6.0,0.245
137.0,-6.0,0.25
138.0,-6.0,0.25
139.0,-6.0,0.25
140.0,-6.0,0.25
141.0,-6.0,0.25249999999999995
142.0,-6.0,0.25249999999999995
143.0,-6.0,0.25249999999999995
144.0,-6.0,0.255
145.0,-6.0,0.255
146.0,-6.0,0.255
147.0,-6.0,0.25749999999999995
148.0,-6.0,0.25749999999999995
149.0,-6.0,0.25749999999999995
150.0,-6.0,0.26
151.0,-6.0,0.26
152.0,-6.0,0.26
153.0,-6.0,0.26249999999999996
154.0,-6.0,0.265
155.0,-6.0,0.265
156.0,-6.0,0.265
157.0,-6.0,0.265
158.0,-6.0,0.265
159.0,-6.0,0.26749999999999996
160.0,-6.0,0.26749999999999996
161.0,-6.0,0.26749999999999996
162.0,-6.0,0.26749999999999996
163.0,-6.0,0.26749999999999996
164.0,-6.0,0.26749999999999996
165.0,-6.0,0.26749999999999996
166.0,-6.0,0.26749999999999996
167.0,-6.0,0.26749999999999996
168.0,-6.0,0.26749999999999996
169.0,-6.0,0.27
170.0,-6.0,0.27249999999999996
171.0,-6.0,0.275
172.0,-6.0,0.275
173.0,-6.0,0.275
174.0,-6.0,0.275
175.0,-6.0,0.275
176.0,-6.0,0.275
177.0,-6.0,0.275
178.0,-6.0,0.27749999999999997
179.0,-6.0,0.27749999999999997
180.0,-6.0,0.28500000000000003
181.0,-6.0,0.28500000000000003
182.0,-6.0,0.28500000000000003
183.0,-6.0,0.28500000000000003
184.0,-6.0,0.28500000000000003
185.0,-6.0,0.28500000000000003
186.0,-6.0,0.28500000000000003
187.0,-6.0,0.28500000000000003
188.0,-6.0,0.28500000000000003
189.0,-6.0,0.28500000000000003
190.0,-6.0,0.2875
191.0,-6.0,0.2875
192.0,-6.0,0.2875
193.0,-6.0,0.2875
194.0,-6.0,0.2875
195.0,-6.0,0.2875
196.0,-6.0,0.2875
197.0,-6.0,0.2925
198.0,-6.0,0.2925
199.0,-6.0,0.2925
200.0,-6.0,0.2925
201.0,-6.0,0.2925
202.0,-6.0,0.2925
203.0,-6.0,0.2925
204.0,-6.0,0.2925
205.0,-6.0,0.2925
206.0,-6.0,0.2925
207.0,-6.0,0.2925
208.0,-6.0,0.2925
209.0,-6.0,0.2925
210.0,-6.0,0.2925
211.0,-6.0,0.2925
212.0,-6.0,0.2925
213.0,-6.0,0.29500000000000004
214.0,-6.0,0.2975
215.0,-6.0,0.2975
216.0,-6.0,0.30000000000000004
217.0,-6.0,0.3025
218.0,-6.0,0.3025
219.0,-6.0,0.3025
220.0,-6.0,0.3025
221.0,-6.0,0.30500000000000005
222.0,-6.0,0.30500000000000005
223.0,-6.0,0.30500000000000005
224.0,-6.0,0.30500000000000005
225.0,-6.0,0.30500000000000005
226.0,-6.0,0.30500000000000005
227.0,-6.0,0.30500000000000005
228.0,-6.0,0.30500000000000005
229.0,-6.0,0.30500000000000005
230.0,-6.0,0.30500000000000005
231.0,-6.0,0.30500000000000005
232.0,-6.0,0.30500000000000005
233.0,-6.0,0.30500000000000005
234.0,-6.0,0.30500000000000005
235.0,-6.0,0.30500000000000005
236.0,-6.0,0.30500000000000005
237.0,-6.0,0.30500000000000005
238.0,-6.0,0.30500000000000005
239.0,-6.0,0.30500000000000005
240.0,-6.0,0.30500000000000005
241.0,-6.0,0.3075
242.0,-6.0,0.3075
243.0,-6.0,0.31000000000000005
244.0,-6.0,0.31000000000000005
245.0,-6.0,0.31000000000000005
246.0,-6.0,0.31000000000000005
247.0,-6.0,0.31000000000000005
248.0,-6.0,0.31000000000000005
249.0,-6.0,0.31000000000000005
250.0,-6.0,0.31000000000000005
251.0,-6.0,0.31000000000000005
252.0,-6.0,0.31000000000000005
253.0,-6.0,0.31000000000000005
254.0,-6.0,0.31000000000000005
255.0,-6.0,0.31000000000000005
256.0,-6.0,0.31000000000000005
257.0,-6.0,0.31000000000000005
258.0,-6.0,0.31000000000000005
259.0,-6.0,0.31000000000000005
260.0,-6.0,0.31000000000000005
261.0,-6.0,0.31000000000000005
262.0,-6.0,0.31000000000000005
263.0,-6.0,0.3125
264.0,-6.0,0.3125
265.0,-6.0,0.3125
266.0,-6.0,0.3125
267.0,-6.0,0.3125
268.0,-6.0,0.3125
269.0,-6.0,0.3125
270.0,-6.0,0.3125
271.0,-6.0,0.3125
272.0,-6.0,0.3125
273.0,-6.0,0.31499999999999995
274.0,-6.0,0.31499999999999995
275.0,-6.0,0.31499999999999995
276.0,-6.0,0.31499999999999995
277.0,-6.0,0.31499999999999995
278.0,-6.0,0.31499999999999995
279.0,-6.0,0.31499999999999995
280.0,-6.0,0.31499999999999995
281.0,-6.0,0.31499999999999995
282.0,-6.0,0.3175
283.0,-6.0,0.3175
284.0,-6.0,0.3175
285.0,-6.0,0.3175
286.0,-6.0,0.3175
287.0,-6.0,0.3175
288.0,-6.0,0.3175
289.0,-6.0,0.3175
290.0,-6.0,0.3175
291.0,-6.0,0.3175
292.0,-6.0,0.3175
293.0,-6.0,0.31999999999999995
294.0,-6.0,0.31999999999999995
295.0,-6.0,0.31999999999999995
296.0,-6.0,0.31999999999999995
297.0,-6.0,0.31999999999999995
298.0,-6.0,0.31999999999999995
299.0,-6.0,0.31999999999999995
300.0,-6.0,0.31999999999999995
301.0,-6.0,0.31999999999999995
302.0,-6.0,0.31999999999999995
303.0,-6.0,0.3225
304.0,-6.0,0.3225
305.0,-6.0,0.3225
306.0,-6.0,0.3225
307.0,-6.0,0.3225
308.0,-6.0,0.3225
309.0,-6.0,0.3225
310.0,-6.0,0.3225
311.0,-6.0,0.3225
312.0,-6.0,0.3225
313.0,-6.0,0.3225
314.0,-6.0,0.3225
315.0,-6.0,0.3225
316.0,-6.0,0.3225
317.0,-6.0,0.32499999999999996
318.0,-6.0,0.32499999999999996
319.0,-6.0,0.32499999999999996
320.0,-6.0,0.32499999999999996
321.0,-6.0,0.32499999999999996
322.0,-6.0,0.32499999999999996
323.0,-6.0,0.32499999999999996
324.0,-6.0,0.32499999999999996
325.0,-6.0,0.32499999999999996
326.0,-6.0,0.32499999999999996
327.0,-6.0,0.32499999999999996
328.0,-6.0,0.32499999999999996
329.0,-6.0,0.32499999999999996
330.0,-6.0,0.3275
331.0,-6.0,0.3275
332.0,-6.0,0.3275
333.0,-6.0,0.3275
334.0,-6.0,0.3275
335.0,-6.0,0.3275
336.0,-6.0,0.3275
337.0,-6.0,0.3275
338.0,-6.0,0.3275
339.0,-6.0,0.3275
340.0,-6.0,0.3275
341.0,-6.0,0.3275
342.0,-6.0,0.32999999999999996
343.0,-6.0,0.32999999999999996
344.0,-6.0,0.32999999999999996
345.0,-6.0,0.32999999999999996
346.0,-6.0,0.32999999999999996
347.0,-6.0,0.32999999999999996
348.0,-6.0,0.32999999999999996
349.0,-6.0,0.32999999999999996
350.0,-6.0,0.32999999999999996
351.0,-6.0,0.32999999999999996
352.0,-6.0,0.3325
353.0,-6.0,0.3325
354.0,-6.0,0.3325
355.0,-6.0,0.3325
356.0,-6.0,0.3325
357.0,-6.0,0.3325
358.0,-6.0,0.3325
359.0,-6.0,0.3325
360.0,-6.0,0.3325
361.0,-6.0,0.3325
362.0,-6.0,0.3325
363.0,-6.0,0.3325
364.0,-6.0,0.3325
365.0,-6.0,0.3325
366.0,-6.0,0.3325
367.0,-6.0,0.3325
368.0,-6.0,0.3325
369.0,-6.0,0.3325
370.0,-6.0,0.3325
371.0,-6.0,0.3325
372.0,-6.0,0.3325
373.0,-6.0,0.3325
374.0,-6.0,0.3325
375.0,-6.0,0.3325
376.0,-6.0,0.3325
377.0,-6.0,0.3325
378.0,-6.0,0.3325
379.0,-6.0,0.3325
380.0,-6.0,0.3325
381.0,-6.0,0.3325
382.0,-6.0,0.3325
383.0,-6.0,0.3325
384.0,-6.0,0.3325
385.0,-6.0,0.3325
386.0,-6.0,0.3325
387.0,-6.0,0.33999999999999997
388.0,-6.0,0.33999999999999997
389.0,-6.0,0.33999999999999997
390.0,-6.0,0.33999999999999997
391.0,-6.0,0.33999999999999997
392.0,-6.0,0.33999999999999997
393.0,-6.0,0.33999999999999997
394.0,-6.0,0.33999999999999997
395.0,-6.0,0.33999999999999997
396.0,-6.0,0.33999999999999997
397.0,-6.0,0.33999999999999997
398.0,-6.0,0.33999999999999997
399.0,-6.0,0.33999999999999997
400.0,-6.0,0.33999999999999997
401.0,-6.0,0.33999999999999997
402.0,-6.0,0.33999999999999997
403.0,-6.0,0.33999999999999997
404.0,-6.0,0.33999999999999997
405.0,-6.0,0.33999999999999997
406.0,-6.0,0.33999999999999997
407.0,-6.0,0.33999999999999997
408.0,-6.0,0.33999999999999997
409.0,-6.0,0.33999999999999997
410.0,-6.0,0.33999999999999997
411.0,-6.0,0.33999999999999997
412.0,-6.0,0.33999999999999997
413.0,-6.0,0.33999999999999997
414.0,-6.0,0.33999999999999997
415.0,-6.0,0.33999999999999997
416.0,-6.0,0.33999999999999997
417.0,-6.0,0.33999999999999997
418.0,-6.0,0.33999999999999997
419.0,-6.0,0.33999999999999997
420.0,-6.0,0.33999999999999997
421.0,-6.0,0.33999999999999997
422.0,-6.0,0.3425
423.0,-6.0,0.3425
424.0,-6.0,0.3425
425.0,-6.0,0.345
426.0,-6.0,0.345
427.0,-6.0,0.345
428.0,-6.0,0.345
429.0,-6.0,0.345
430.0,-6.0,0.345
431.0,-6.0,0.345
432.0,-6.0,0.345
433.0,-6.0,0.345
434.0,-6.0,0.345
435.0,-6.0,0.345
436.0,-6.0,0.345
437.0,-6.0,0.345
438.0,-6.0,0.345
439.0,-6.0,0.345
440.0,-6.0,0.345
441.0,-6.0,0.345
442.0,-6.0,0.345
443.0,-6.0,0.345
444.0,-6.0,0.345
445.0,-6.0,0.345
446.0,-6.0,0.345
447.0,-6.0,0.345
448.0,-6.0,0.345
449.0,-6.0,0.345
450.0,-6.0,0.345
451.0,-6.0,0.34750000000000003
452.0,-6.0,0.34750000000000003
453.0,-6.0,0.34750000000000003
454.0,-6.0,0.34750000000000003
455.0,-6.0,0.34750000000000003
456.0,-6.0,0.34750000000000003
457.0,-6.0,0.34750000000000003
458.0,-6.0,0.34750000000000003
459.0,-6.0,0.34750000000000003
460.0,-6.0,0.34750000000000003
461.0,-6.0,0.34750000000000003
462.0,-6.0,0.34750000000000003
463.0,-6.0,0.34750000000000003
464.0,-6.0,0.34750000000000003
465.0,-6.0,0.34750000000000003
466.0,-6.0,0.34750000000000003
467.0,-6.0,0.34750000000000003
468.0,-6.0,0.34750000000000003
469.0,-6.0,0.34750000000000003
470.0,-6.0,0.34750000000000003
471.0,-6.0,0.34750000000000003
472.0,-6.0,0.34750000000000003
473.0,-6.0,0.34750000000000003
474.0,-6.0,0.34750000000000003
475.0,-6.0,0.34750000000000003
476.0,-6.0,0.34750000000000003
477.0,-6.0,0.34750000000000003
478.0,-6.0,0.34750000000000003
479.0,-6.0,0.34750000000000003
480.0,-6.0,0.34750000000000003
481.0,-6.0,0.34750000000000003
482.0,-6.0,0.34750000000000003
483.0,-6.0,0.34750000000000003
484.0,-6.0,0.34750000000000003
485.0,-6.0,0.34750000000000003
486.0,-6.0,0.34750000000000003
487.0,-6.0,0.34750000000000003
488.0,-6.0,0.34750000000000003
489.0,-6.0,0.34750000000000003
490.0,-6.0,0.34750000000000003
491.0,-6.0,0.34750000000000003
492.0,-6.0,0.34750000000000003
493.0,-6.0,0.34750000000000003
494.0,-6.0,0.34750000000000003
495.0,-6.0,0.34750000000000003
496.0,-6.0,0.35
497.0,-6.0,0.35
498.0,-6.0,0.35
499.0,-6.0,0.35
500.0,-6.0,0.35
501.0,-6.0,0.35
502.0,-6.0,0.35
503.0,-6.0,0.35
504.0,-6.0,0.35
505.0,-6.0,0.35
506.0,-6.0,0.35
507.0,-6.0,0.35
508.0,-6.0,0.35
509.0,-6.0,0.35
510.0,-6.0,0.35
511.0,-6.0,0.35
512.0,-6.0,0.35
513.0,-6.0,0.35
514.0,-6.0,0.35
515.0,-6.0,0.35
516.0,-6.0,0.35
517.0,-6.0,0.35
518.0,-6.0,0.35
519.0,-6.0,0.35
520.0,-6.0,0.35
521.0,-6.0,0.35
522.0,-6.0,0.35
523.0,-6.0,0.35
524.0,-6.0,0.35
525.0,-6.0,0.35
526.0,-6.0,0.35
527.0,-6.0,0.35
528.0,-6.0,0.35
529.0,-6.0,0.35
530.0,-6.0,0.35
531.0,-6.0,0.35
532.0,-6.0,0.35
533.0,-6.0,0.35
534.0,-6.0,0.35
535.0,-6.0,0.35
536.0,-6.0,0.35
537.0,-6.0,0.35
538.0,-6.0,0.35
539.0,-6.0,0.35
540.0,-6.0,0.35
541.0,-6.0,0.35
542.0,-6.0,0.35
543.0,-6.0,0.35
544.0,-6.0,0.35250000000000004
545.0,-6.0,0.35250000000000004
546.0,-6.0,0.35250000000000004
547.0,-6.0,0.35250000000000004
548.0,-6.0,0.35250000000000004
549.0,-6.0,0.35250000000000004
550.0,-6.0,0.35250000000000004
551.0,-6.0,0.35250000000000004
552.0,-6.0,0.35250000000000004
553.0,-6.0,0.35250000000000004
554.0,-6.0,0.35250000000000004
555.0,-6.0,0.35250000000000004
556.0,-6.0,0.35250000000000004
557.0,-6.0,0.35250000000000004
558.0,-6.0,0.35250000000000004
559.0,-6.0,0.35250000000000004
560.0,-6.0,0.35250000000000004
561.0,-6.0,0.35250000000000004
562.0,-6.0,0.35250000000000004
563.0,-6.0,0.35250000000000004
564.0,-6.0,0.355
565.0,-6.0,0.355
566.0,-6.0,0.355
567.0,-6.0,0.355
568.0,-6.0,0.35750000000000004
569.0,-6.0,0.36
570.0,-6.0,0.36
571.0,-6.0,0.36
572.0,-6.0,0.36
573.0,-6.0,0.36
574.0,-6.0,0.36
575.0,-6.0,0.36
576.0,-6.0,0.36
577.0,-6.0,0.36
578.0,-6.0,0.36
579.0,-6.0,0.36
580.0,-6.0,0.36
581.0,-6.0,0.36
582.0,-6.0,0.36
583.0,-6.0,0.36
584.0,-6.0,0.36
585.0,-6.0,0.36
586.0,-6.0,0.36
587.0,-6.0,0.36
588.0,-6.0,0.36
589.0,-6.0,0.36
590.0,-6.0,0.36
591.0,-6.0,0.36
592.0,-6.0,0.36
593.0,-6.0,0.36
594.0,-6.0,0.36
595.0,-6.0,0.36
596.0,-6.0,0.36
597.0,-6.0,0.36
598.0,-6.0,0.36
599.0,-6.0,0.36
600.0,-6.0,0.36250000000000004
601.0,-6.0,0.36250000000000004
602.0,-6.0,0.36250000000000004
603.0,-6.0,0.36250000000000004
604.0,-6.0,0.36250000000000004
605.0,-6.0,0.36250000000000004
606.0,-6.0,0.36250000000000004
607.0,-6.0,0.365
608.0,-6.0,0.365
609.0,-6.0,0.365
610.0,-6.0,0.365
611.0,-6.0,0.365
612.0,-6.0,0.365
613.0,-6.0,0.365
614.0,-6.0,0.365
615.0,-6.0,0.365
616.0,-6.0,0.365
617.0,-6.0,0.365
618.0,-6.0,0.365
619.0,-6.0,0.365
620.0,-6.0,0.365
621.0,-6.0,0.365
622.0,-6.0,0.365
623.0,-6.0,0.365
624.0,-6.0,0.365
625.0,-6.0,0.365
626.0,-6.0,0.365
627.0,-6.0,0.365
628.0,-6.0,0.365
629.0,-6.0,0.365
630.0,-6.0,0.365
631.0,-6.0,0.365
632.0,-6.0,0.365
633.0,-6.0,0.365
634.0,-6.0,0.365
635.0,-6.0,0.365
636.0,-6.0,0.365
637.0,-6.0,0.365
638.0,-6.0,0.365
639.0,-6.0,0.365
640.0,-6.0,0.365
641.0,-6.0,0.36750000000000005
642.0,-6.0,0.36750000000000005
643.0,-6.0,0.36750000000000005
644.0,-6.0,0.36750000000000005
645.0,-6.0,0.36750000000000005
646.0,-6.0,0.36750000000000005
647.0,-6.0,0.36750000000000005
648.0,-6.0,0.36750000000000005
649.0,-6.0,0.36750000000000005
650.0,-6.0,0.37
651.0,-6.0,0.37
652.0,-6.0,0.37
653.0,-6.0,0.37
654.0,-6.0,0.37
655.0,-6.0,0.37
656.0,-6.0,0.37
657.0,-6.0,0.37
658.0,-6.0,0.37
659.0,-6.0,0.37
660.0,-6.0,0.37
661.0,-6.0,0.37
662.0,-6.0,0.37
663.0,-6.0,0.37
664.0,-6.0,0.37
665.0,-6.0,0.37
666.0,-6.0,0.37
667.0,-6.0,0.37
668.0,-6.0,0.37
669.0,-6.0,0.37
670.0,-6.0,0.37
671.0,-6.0,0.37
672.0,-6.0,0.37
673.0,-6.0,0.37
674.0,-6.0,0.37
675.0,-6.0,0.37250000000000005
676.0,-6.0,0.37250000000000005
677.0,-6.0,0.37250000000000005
678.0,-6.0,0.37250000000000005
679.0,-6.0,0.37250000000000005
680.0,-6.0,0.37250000000000005
681.0,-6.0,0.37250000000000005
682.0,-6.0,0.37250000000000005
683.0,-6.0,0.37250000000000005
684.0,-6.0,0.37250000000000005
685.0,-6.0,0.37250000000000005
686.0,-6.0,0.37250000000000005
687.0,-6.0,0.37250000000000005
688.0,-6.0,0.37250000000000005
689.0,-6.0,0.37250000000000005
690.0,-6.0,0.37250000000000005
691.0,-6.0,0.37250000000000005
692.0,-6.0,0.37250000000000005
693.0,-6.0,0.37250000000000005
694.0,-6.0,0.37250000000000005
695.0,-6.0,0.37250000000000005
696.0,-6.0,0.37250000000000005
697.0,-6.0,0.37250000000000005
698.0,-6.0,0.37250000000000005
699.0,-6.0,0.37250000000000005
700.0,-6.0,0.37250000000000005
701.0,-6.0,0.37250000000000005
702.0,-6.0,0.37250000000000005
703.0,-6.0,0.37250000000000005
704.0,-6.0,0.37250000000000005
705.0,-6.0,0.37250000000000005
706.0,-6.0,0.37250000000000005
707.0,-6.0,0.37250000000000005
708.0,-6.0,0.37250000000000005
709.0,-6.0,0.37250000000000005
710.0,-6.0,0.37250000000000005
711.0,-6.0,0.37250000000000005
712.0,-6.0,0.37250000000000005
713.0,-6.0,0.37250000000000005
714.0,-6.0,0.37250000000000005
715.0,-6.0,0.37250000000000005
716.0,-6.0,0.37250000000000005
717.0,-6.0,0.37250000000000005
718.0,-6.0,0.375
719.0,-6.0,0.375
720.0,-6.0,0.375
721.0,-6.0,0.375
722.0,-6.0,0.375
723.0,-6.0,0.375
724.0,-6.0,0.375
725.0,-6.0,0.375
726.0,-6.0,0.37749999999999995
727.0,-6.0,0.37749999999999995
728.0,-6.0,0.37749999999999995
729.0,-6.0,0.38
730.0,-6.0,0.38
731.0,-6.0,0.38
732.0,-6.0,0.38
733.0,-6.0,0.38
734.0,-6.0,0.38
735.0,-6.0,0.38
736.0,-6.0,0.38
737.0,-6.0,0.38
738.0,-6.0,0.38
739.0,-6.0,0.38
740.0,-6.0,0.38
741.0,-6.0,0.38
742.0,-6.0,0.38
743.0,-6.0,0.38
744.0,-6.0,0.38
745.0,-6.0,0.38
746.0,-6.0,0.38
747.0,-6.0,0.38
748.0,-6.0,0.38
749.0,-6.0,0.38
750.0,-6.0,0.38
751.0,-6.0,0.38
752.0,-6.0,0.38
753.0,-6.0,0.38
754.0,-6.0,0.38
755.0,-6.0,0.38
756.0,-6.0,0.38
757.0,-6.0,0.38
758.0,-6.0,0.38
759.0,-6.0,0.38
760.0,-6.0,0.38
761.0,-6.0,0.38
762.0,-6.0,0.38
763.0,-6.0,0.38
764.0,-6.0,0.38
765.0,-6.0,0.38
766.0,-6.0,0.38
767.0,-6.0,0.38
768.0,-6.0,0.38
769.0,-6.0,0.38
770.0,-6.0,0.38
771.0,-6.0,0.38
772.0,-6.0,0.38
773.0,-6.0,0.38
774.0,-6.0,0.38
775.0,-6.0,0.38
776.0,-6.0,0.38
777.0,-6.0,0.38
778.0,-6.0,0.38
779.0,-6.0,0.38
780.0,-6.0,0.38
781.0,-6.0,0.38
782.0,-6.0,0.38
783.0,-6.0,0.38
784.0,-6.0,0.38
785.0,-6.0,0.38
786.0,-6.0,0.38
787.0,-6.0,0.38
788.0,-6.0,0.38
789.0,-6.0,0.38
790.0,-6.0,0.38
791.0,-6.0,0.38
792.0,-6.0,0.38
793.0,-6.0,0.38
794.0,-6.0,0.38
795.0,-6.0,0.38
796.0,-6.0,0.38
797.0,-6.0,0.38
798.0,-6.0,0.38249999999999995
799.0,-6.0,0.38249999999999995
800.0,-6.0,0.38249999999999995
801.0,-6.0,0.385
802.0,-6.0,0.385
803.0,-6.0,0.385
804.0,-6.0,0.385
805.0,-6.0,0.385
806.0,-6.0,0.385
807.0,-6.0,0.385
808.0,-6.0,0.385
809.0,-6.0,0.385
810.0,-6.0,0.38749999999999996
811.0,-6.0,0.38749999999999996
812.0,-6.0,0.38749999999999996
813.0,-6.0,0.38749999999999996
814.0,-6.0,0.38749999999999996
815.0,-6.0,0.38749999999999996
816.0,-6.0,0.38749999999999996
817.0,-6.0,0.38749999999999996
818.0,-6.0,0.38749999999999996
819.0,-6.0,0.38749999999999996
820.0,-6.0,0.38749999999999996
821.0,-6.0,0.38749999999999996
822.0,-6.0,0.38749999999999996
823.0,-6.0,0.38749999999999996
824.0,-6.0,0.38749999999999996
825.0,-6.0,0.38749999999999996
826.0,-6.0,0.38749999999999996
827.0,-6.0,0.38749999999999996
828.0,-6.0,0.38749999999999996
829.0,-6.0,0.38749999999999996
830.0,-6.0,0.39
831.0,-6.0,0.39
832.0,-6.0,0.39
833.0,-6.0,0.39
834.0,-6.0,0.39
835.0,-6.0,0.39
836.0,-6.0,0.39
837.0,-6.0,0.39
838.0,-6.0,0.39
839.0,-6.0,0.39
840.0,-6.0,0.39
841.0,-6.0,0.39
842.0,-6.0,0.39
843.0,-6.0,0.39
844.0,-6.0,0.39
845.0,-6.0,0.39
846.0,-6.0,0.39
847.0,-6.0,0.39
848.0,-6.0,0.39
849.0,-6.0,0.39
850.0,-6.0,0.39
851.0,-6.0,0.39
852.0,-6.0,0.39
853.0,-6.0,0.39
854.0,-6.0,0.39
855.0,-6.0,0.39
856.0,-6.0,0.39
857.0,-6.0,0.39
858.0,-6.0,0.39
859.0,-6.0,0.39
860.0,-6.0,0.39
861.0,-6.0,0.39
862.0,-6.0,0.39
863.0,-6.0,0.39
864.0,-6.0,0.39
865.0,-6.0,0.39
866.0,-6.0,0.39
867.0,-6.0,0.39
868.0,-6.0,0.39
869.0,-6.0,0.39
870.0,-6.0,0.39
871.0,-6.0,0.39
872.0,-6.0,0.39
873.0,-6.0,0.39
874.0,-6.0,0.39
875.0,-6.0,0.39
876.0,-6.0,0.39
877.0,-6.0,0.39
878.0,-6.0,0.39
879.0,-6.0,0.39
880.0,-6.0,0.39
881.0,-6.0,0.39
882.0,-6.0,0.39
883.0,-6.0,0.39
884.0,-6.0,0.39
885.0,-6.0,0.39
886.0,-6.0,0.39
887.0,-6.0,0.39
888.0,-6.0,0.39
889.0,-6.0,0.39
890.0,-6.0,0.39
891.0,-6.0,0.39
892.0,-6.0,0.39
893.0,-6.0,0.39
894.0,-6.0,0.39
895.0,-6.0,0.39
896.0,-6.0,0.39
897.0,-6.0,0.39
898.0,-6.0,0.39
899.0,-6.0,0.39
900.0,-6.0,0.39
901.0,-6.0,0.39
902.0,-6.0,0.39
903.0,-6.0,0.39
904.0,-6.0,0.39
905.0,-6.0,0.39
906.0,-6.0,0.39
907.0,-6.0,0.39
908.0,-6.0,0.39
909.0,-6.0,0.39
910.0,-6.0,0.39
911.0,-6.0,0.39
912.0,-6.0,0.39
913.0,-6.0,0.39
914.0,-6.0,0.39
915.0,-6.0,0.39
916.0,-6.0,0.39
917.0,-6.0,0.39
918.0,-6.0,0.39
919.0,-6.0,0.39
920.0,-6.0,0.39
921.0,-6.0,0.39
922.0,-6.0,0.39
923.0,-6.0,0.39
924.0,-6.0,0.39
925.0,-6.0,0.39
926.0,-6.0,0.39
927.0,-6.0,0.39
928.0,-6.0,0.39
929.0,-6.0,0.39
930.0,-6.0,0.39
931.0,-6.0,0.39
932.0,-6.0,0.39
933.0,-6.0,0.39
934.0,-6.0,0.39
935.0,-6.0,0.39
936.0,-6.0,0.39
937.0,-6.0,0.39
938.0,-6.0,0.39
939.0,-6.0,0.39
940.0,-6.0,0.39
941.0,-6.0,0.39
942.0,-6.0,0.39
943.0,-6.0,0.39
944.0,-6.0,0.39
945.0,-6.0,0.39
946.0,-6.0,0.39
947.0,-6.0,0.39
948.0,-6.0,0.39
949.0,-6.0,0.39
950.0,-6.0,0.39
951.0,-6.0,0.39
952.0,-6.0,0.39
953.0,-6.0,0.39
954.0,-6.0,0.39
955.0,-6.0,0.39
956.0,-6.0,0.39
957.0,-6.0,0.39
958.0,-6.0,0.39
959.0,-6.0,0.39
960.0,-6.0,0.39
961.0,-6.0,0.39
962.0,-6.0,0.39
963.0,-6.0,0.39
964.0,-6.0,0.39
965.0,-6.0,0.39
966.0,-6.0,0.39
967.0,-6.0,0.39
968.0,-6.0,0.39
969.0,-6.0,0.39249999999999996
970.0,-6.0,0.39249999999999996
971.0,-6.0,0.39249999999999996
972.0,-6.0,0.39249999999999996
973.0,-6.0,0.39249999999999996
974.0,-6.0,0.39249999999999996
975.0,-6.0,0.39249999999999996
976.0,-6.0,0.39249999999999996
977.0,-6.0,0.39249999999999996
978.0,-6.0,0.39249999999999996
979.0,-6.0,0.39249999999999996
980.0,-6.0,0.39249999999999996
981.0,-6.0,0.39249999999999996
982.0,-6.0,0.39249999999999996
983.0,-6.0,0.39249999999999996
984.0,-6.0,0.39249999999999996
985.0,-6.0,0.39249999999999996
986.0,-6.0,0.39249999999999996
987.0,-6.0,0.39249999999999996
988.0,-6.0,0.39249999999999996
989.0,-6.0,0.39249999999999996
990.0,-6.0,0.39249999999999996
991.0,-6.0,0.39249999999999996
992.0,-6.0,0.39249999999999996
993.0,-6.0,0.39249999999999996
994.0,-6.0,0.39249999999999996
995.0,-6.0,0.39249999999999996
996.0,-6.0,0.39249999999999996
997.0,-6.0,0.39249999999999996
998.0,-6.0,0.39249999999999996
999.0,-6.0,0.39249999999999996
1000.0,-6.0,0.39249999999999996
1001.0,-6.0,0.39249999999999996
1002.0,-6.0,0.39249999999999996
1003.0,-6.0,0.39249999999999996
1004.0,-6.0,0.39249999999999996
1005.0,-6.0,0.39249999999999996
1006.0,-6.0,0.39249999999999996
1007.0,-6.0,0.39249999999999996
1008.0,-6.0,0.39249999999999996
1009.0,-6.0,0.39249999999999996
1010.0,-6.0,0.39249999999999996
1011.0,-6.0,0.39249999999999996
1012.0,-6.0,0.39249999999999996
1013.0,-6.0,0.39249999999999996
1014.0,-6.0,0.39249999999999996
1015.0,-6.0,0.39249999999999996
1016.0,-6.0,0.39249999999999996
1017.0,-6.0,0.39249999999999996
1018.0,-6.0,0.39249999999999996
1019.0,-6.0,0.39249999999999996
1020.0,-6.0,0.39249999999999996
1021.0,-6.0,0.39249999999999996
1022.0,-6.0,0.395
1023.0,-6.0,0.395
1024.0,-6.0,0.395
1025.0,-6.0,0.395
1026.0,-6.0,0.395
1027.0,-6.0,0.395
1028.0,-6.0,0.395
1029.0,-6.0,0.395
1030.0,-6.0,0.395
1031.0,-6.0,0.395
1032.0,-6.0,0.395
1033.0,-6.0,0.395
1034.0,-6.0,0.395
1035.0,-6.0,0.395
1036.0,-6.0,0.395
1037.0,-6.0,0.395
1038.0,-6.0,0.395
1039.0,-6.0,0.395
1040.0,-6.0,0.395
1041.0,-6.0,0.395
1042.0,-6.0,0.395
1043.0,-6.0,0.395
1044.0,-6.0,0.395
1045.0,-6.0,0.395
1046.0,-6.0,0.395
1047.0,-6.0,0.395
1048.0,-6.0,0.395
1049.0,-6.0,0.395
1050.0,-6.0,0.395
1051.0,-6.0,0.395
1052.0,-6.0,0.395
1053.0,-6.0,0.395
1054.0,-6.0,0.395
1055.0,-6.0,0.395
1056.0,-6.0,0.395
1057.0,-6.0,0.395
1058.0,-6.0,0.395
1059.0,-6.0,0.395
1060.0,-6.0,0.395
1061.0,-6.0,0.395
1062.0,-6.0,0.395
1063.0,-6.0,0.395
1064.0,-6.0,0.395
1065.0,-6.0,0.395
1066.0,-6.0,0.395
1067.0,-6.0,0.395
1068.0,-6.0,0.395
1069.0,-6.0,0.395
1070.0,-6.0,0.395
1071.0,-6.0,0.395
1072.0,-6.0,0.395
1073.0,-6.0,0.395
1074.0,-6.0,0.395
1075.0,-6.0,0.395
1076.0,-6.0,0.395
1077.0,-6.0,0.395
1078.0,-6.0,0.395
1079.0,-6.0,0.395
1080.0,-6.0,0.395
1081.0,-6.0,0.395
1082.0,-6.0,0.395
1083.0,-6.0,0.395
1084.0,-6.0,0.395
1085.0,-6.0,0.395
1086.0,-6.0,0.395
1087.0,-6.0,0.395
1088.0,-6.0,0.395
1089.0,-6.0,0.395
1090.0,-6.0,0.395
1091.0,-6.0,0.395
1092.0,-6.0,0.395
1093.0,-6.0,0.395
1094.0,-6.0,0.395
1095.0,-6.0,0.395
1096.0,-6.0,0.395
1097.0,-6.0,0.395
1098.0,-6.0,0.395
1099.0,-6.0,0.395
1100.0,-6.0,0.395
1101.0,-6.0,0.395
1102.0,-6.0,0.395
1103.0,-6.0,0.395
1104.0,-6.0,0.395
1105.0,-6.0,0.395
1106.0,-6.0,0.395
1107.0,-6.0,0.395
1108.0,-6.0,0.395
1109.0,-6.0,0.395
1110.0,-6.0,0.395
1111.0,-6.0,0.395
1112.0,-6.0,0.395
1113.0,-6.0,0.395
1114.0,-6.0,0.395
1115.0,-6.0,0.395
1116.0,-6.0,0.395
1117.0,-6.0,0.395
1118.0,-6.0,0.395
1119.0,-6.0,0.395
1120.0,-6.0,0.395
1121.0,-6.0,0.395
1122.0,-6.0,0.395
1123.0,-6.0,0.395
1124.0,-6.0,0.395
1125.0,-6.0,0.395
1126.0,-6.0,0.395
1127.0,-6.0,0.395
1128.0,-6.0,0.395
1129.0,-6.0,0.395
1130.0,-6.0,0.395
1131.0,-6.0,0.395
1132.0,-6.0,0.395
1133.0,-6.0,0.395
1134.0,-6.0,0.395
1135.0,-6.0,0.395
1136.0,-6.0,0.395
1137.0,-6.0,0.395
1138.0,-6.0,0.395
1139.0,-6.0,0.395
1140.0,-6.0,0.395
1141.0,-6.0,0.395
1142.0,-6.0,0.395
1143.0,-6.0,0.395
1144.0,-6.0,0.395
1145.0,-6.0,0.395
1146.0,-6.0,0.395
1147.0,-6.0,0.395
1148.0,-6.0,0.395
1149.0,-6.0,0.39749999999999996
1150.0,-6.0,0.39749999999999996
1151.0,-6.0,0.39749999999999996
1152.0,-6.0,0.39749999999999996
1153.0,-6.0,0.39749999999999996
1154.0,-6.0,0.39749999999999996
1155.0,-6.0,0.39749999999999996
1156.0,-6.0,0.39749999999999996
1157.0,-6.0,0.39749999999999996
1158.0,-6.0,0.39749999999999996
1159.0,-6.0,0.39749999999999996
1160.0,-6.0,0.39749999999999996
1161.0,-6.0,0.39749999999999996
1162.0,-6.0,0.39749999999999996
1163.0,-6.0,0.39749999999999996
1164.0,-6.0,0.39749999999999996
1165.0,-6.0,0.39749999999999996
1166.0,-6.0,0.39749999999999996
1167.0,-6.0,0.39749999999999996
1168.0,-6.0,0.39749999999999996
1169.0,-6.0,0.39749999999999996
1170.0,-6.0,0.39749999999999996
1171.0,-6.0,0.39749999999999996
1172.0,-6.0,0.39749999999999996
1173.0,-6.0,0.39749999999999996
1174.0,-6.0,0.39749999999999996
1175.0,-6.0,0.39749999999999996
1176.0,-6.0,0.39749999999999996
1177.0,-6.0,0.39749999999999996
1178.0,-6.0,0.39749999999999996
1179.0,-6.0,0.39749999999999996
1180.0,-6.0,0.39749999999999996
1181.0,-6.0,0.39749999999999996
1182.0,-6.0,0.39749999999999996
1183.0,-6.0,0.39749999999999996
1184.0,-6.0,0.39749999999999996
1185.0,-6.0,0.39749999999999996
1186.0,-6.0,0.39749999999999996
1187.0,-6.0,0.39749999999999996
1188.0,-6.0,0.39749999999999996
1189.0,-6.0,0.39749999999999996
1190.0,-6.0,0.39749999999999996
1191.0,-6.0,0.39749999999999996
1192.0,-6.0,0.39749999999999996
1193.0,-6.0,0.39749999999999996
1194.0,-6.0,0.39749999999999996
1195.0,-6.0,0.39749999999999996
1196.0,-6.0,0.39749999999999996
1197.0,-6.0,0.39749999999999996
1198.0,-6.0,0.39749999999999996
1199.0,-6.0,0.39749999999999996
1200.0,-6.0,0.39749999999999996
1201.0,-6.0,0.39749999999999996
1202.0,-6.0,0.39749999999999996
1203.0,-6.0,0.39749999999999996
1204.0,-6.0,0.39749999999999996
1205.0,-6.0,0.39749999999999996
1206.0,-6.0,0.39749999999999996
1207.0,-6.0,0.39749999999999996
1208.0,-6.0,0.39749999999999996
1209.0,-6.0,0.39749999999999996
1210.0,-6.0,0.39749999999999996
1211.0,-6.0,0.39749999999999996
1212.0,-6.0,0.39749999999999996
1213.0,-6.0,0.39749999999999996
1214.0,-6.0,0.39749999999999996
1215.0,-6.0,0.39749999999999996
1216.0,-6.0,0.39749999999999996
1217.0,-6.0,0.39749999999999996
1218.0,-6.0,0.39749999999999996
1219.0,-6.0,0.4
1220.0,-6.0,0.4
1221.0,-6.0,0.4
1222.0,-6.0,0.4
1223.0,-6.0,0.4
1224.0,-6.0,0.4
1225.0,-6.0,0.4
1226.0,-6.0,0.4
1227.0,-6.0,0.4
1228.0,-6.0,0.4
1229.0,-6.0,0.4
1230.0,-6.0,0.4
1231.0,-6.0,0.4
1232.0,-6.0,0.4
1233.0,-6.0,0.4
1234.0,-6.0,0.4
1235.0,-6.0,0.4
1236.0,-6.0,0.4
1237.0,-6.0,0.4
1238.0,-6.0,0.4
1239.0,-6.0,0.4
1240.0,-6.0,0.4
1241.0,-6.0,0.4
1242.0,-6.0,0.4
1243.0,-6.0,0.4
1244.0,-6.0,0.4
1245.0,-6.0,0.4
1246.0,-6.0,0.4
1247.0,-6.0,0.4
1248.0,-6.0,0.4
1249.0,-6.0,0.4
1250.0,-6.0,0.4
1251.0,-6.0,0.4
1252.0,-6.0,0.4
1253.0,-6.0,0.4
1254.0,-6.0,0.4
1255.0,-6.0,0.4
1256.0,-6.0,0.4
1257.0,-6.0,0.4
1258.0,-6.0,0.4
1259.0,-6.0,0.4
1260.0,-6.0,0.4
1261.0,-6.0,0.4
1262.0,-6.0,0.4
1263.0,-6.0,0.4
1264.0,-6.0,0.4
1265.0,-6.0,0.4
1266.0,-6.0,0.4
1267.0,-6.0,0.4
1268.0,-6.0,0.4
1269.0,-6.0,0.4
1270.0,-6.0,0.4
1271.0,-6.0,0.4
1272.0,-6.0,0.4
1273.0,-6.0,0.4
1274.0,-6.0,0.4
1275.0,-6.0,0.4
1276.0,-6.0,0.4
1277.0,-6.0,0.4
1278.0,-6.0,0.4
1279.0,-6.0,0.4
1280.0,-6.0,0.4
1281.0,-6.0,0.4
1282.0,-6.0,0.4
1283.0,-6.0,0.4
1284.0,-6.0,0.4
1285.0,-6.0,0.4
1286.0,-6.0,0.4
1287.0,-6.0,0.4
1288.0,-6.0,0.4
1289.0,-6.0,0.4
1290.0,-6.0,0.4
1291.0,-6.0,0.4
1292.0,-6.0,0.4
1293.0,-6.0,0.4
1294.0,-6.0,0.4
1295.0,-6.0,0.4
1296.0,-6.0,0.4
1297.0,-6.0,0.4
1298.0,-6.0,0.4
1299.0,-6.0,0.4
1300.0,-6.0,0.4
1301.0,-6.0,0.4
1302.0,-6.0,0.4
1303.0,-6.0,0.4
1304.0,-6.0,0.4
1305.0,-6.0,0.4
1306.0,-6.0,0.4
1307.0,-6.0,0.4
1308.0,-6.0,0.4
1309.0,-6.0,0.4
1310.0,-6.0,0.4
1311.0,-6.0,0.4
1312.0,-6.0,0.4
1313.0,-6.0,0.4
1314.0,-6.0,0.4
1315.0,-6.0,0.4
1316.0,-6.0,0.4
1317.0,-6.0,0.4
1318.0,-6.0,0.4
1319.0,-6.0,0.4
1320.0,-6.0,0.4
1321.0,-6.0,0.4
1322.0,-6.0,0.4
1323.0,-6.0,0.4
1324.0,-6.0,0.4
1325.0,-6.0,0.4
1326.0,-6.0,0.4
1327.0,-6.0,0.4
1328.0,-6.0,0.4
1329.0,-6.0,0.4
1330.0,-6.0,0.4
1331.0,-6.0,0.4
1332.0,-6.0,0.4
1333.0,-6.0,0.4
1334.0,-6.0,0.4
1335.0,-6.0,0.4
1336.0,-6.0,0.4
1337.0,-6.0,0.4
1338.0,-6.0,0.4
1339.0,-6.0,0.4
1340.0,-6.0,0.4
1341.0,-6.0,0.4
1342.0,-6.0,0.4
1343.0,-6.0,0.4
1344.0,-6.0,0.4
1345.0,-6.0,0.4
1346.0,-6.0,0.4
1347.0,-6.0,0.4
1348.0,-6.0,0.4
1349.0,-6.0,0.4
1350.0,-6.0,0.4
1351.0,-6.0,0.4
1352.0,-6.0,0.4
1353.0,-6.0,0.4
1354.0,-6.0,0.4
1355.0,-6.0,0.4
1356.0,-6.0,0.4
1357.0,-6.0,0.4
1358.0,-6.0,0.4
1359.0,-6.0,0.4
1360.0,-6.0,0.4
1361.0,-6.0,0.4
1362.0,-6.0,0.4
1363.0,-6.0,0.4
1364.0,-6.0,0.4
1365.0,-6.0,0.4
1366.0,-6.0,0.4
1367.0,-6.0,0.4
1368.0,-6.0,0.4
1369.0,-6.0,0.4
1370.0,-6.0,0.4
1371.0,-6.0,0.4
1372.0,-6.0,0.4
1373.0,-6.0,0.4
1374.0,-6.0,0.4
1375.0,-6.0,0.4
1376.0,-6.0,0.4
1377.0,-6.0,0.4
1378.0,-6.0,0.4
1379.0,-6.0,0.4
1380.0,-6.0,0.4
1381.0,-6.0,0.4
1382.0,-6.0,0.4
1383.0,-6.0,0.4
1384.0,-6.0,0.4
1385.0,-6.0,0.4
1386.0,-6.0,0.4
1387.0,-6.0,0.4
1388.0,-6.0,0.4
1389.0,-6.0,0.4
1390.0,-6.0,0.4
1391.0,-6.0,0.4
1392.0,-6.0,0.4
1393.0,-6.0,0.4
1394.0,-6.0,0.4
1395.0,-6.0,0.4
1396.0,-6.0,0.4
1397.0,-6.0,0.4
1398.0,-6.0,0.4
1399.0,-6.0,0.4
1400.0,-6.0,0.4
1401.0,-6.0,0.4
1402.0,-6.0,0.4
1403.0,-6.0,0.4
1404.0,-6.0,0.4
1405.0,-6.0,0.4
1406.0,-6.0,0.4
1407.0,-6.0,0.4
1408.0,-6.0,0.4
1409.0,-6.0,0.4
1410.0,-6.0,0.4
1411.0,-6.0,0.4
1412.0,-6.0,0.4
1413.0,-6.0,0.4
1414.0,-6.0,0.4
1415.0,-6.0,0.4
1416.0,-6.0,0.4
1417.0,-6.0,0.4
1418.0,-6.0,0.4
1419.0,-6.0,0.4
1420.0,-6.0,0.4
1421.0,-6.0,0.4
1422.0,-6.0,0.4
1423.0,-6.0,0.4
1424.0,-6.0,0.4
1425.0,-6.0,0.4
1426.0,-6.0,0.4
1427.0,-6.0,0.4
1428.0,-6.0,0.4
1429.0,-6.0,0.4
1430.0,-6.0,0.4
1431.0,-6.0,0.4
1432.0,-6.0,0.4
1433.0,-6.0,0.4
1434.0,-6.0,0.4
1435.0,-6.0,0.4
1436.0,-6.0,0.4
1437.0,-6.0,0.4
1438.0,-6.0,0.4
1439.0,-6.0,0.4
1440.0,-6.0,0.4
1441.0,-6.0,0.4
1442.0,-6.0,0.4
1443.0,-6.0,0.4
1444.0,-6.0,0.4
1445.0,-6.0,0.4
1446.0,-6.0,0.4
1447.0,-6.0,0.4
1448.0,-6.0,0.4
1449.0,-6.0,0.4
1450.0,-6.0,0.4
1451.0,-6.0,0.4
1452.0,-6.0,0.4
1453.0,-6.0,0.4
1454.0,-6.0,0.4
1455.0,-6.0,0.4
1456.0,-6.0,0.4
1457.0,-6.0,0.4
1458.0,-6.0,0.4
1459.0,-6.0,0.4
1460.0,-6.0,0.4
1461.0,-6.0,0.4
1462.0,-6.0,0.4
1463.0,-6.0,0.4
1464.0,-6.0,0.4
1465.0,-6.0,0.4
1466.0,-6.0,0.4
1467.0,-6.0,0.4
1468.0,-6.0,0.4
1469.0,-6.0,0.4
1470.0,-6.0,0.4
1471.0,-6.0,0.4
1472.0,-6.0,0.4
1473.0,-6.0,0.4
1474.0,-6.0,0.4
1475.0,-6.0,0.4
1476.0,-6.0,0.4
1477.0,-6.0,0.4
1478.0,-6.0,0.4
1479.0,-6.0,0.4
1480.0,-6.0,0.4
1481.0,-6.0,0.4
1482.0,-6.0,0.4
1483.0,-6.0,0.4
1484.0,-6.0,0.4
1485.0,-6.0,0.4
1486.0,-6.0,0.4
1487.0,-6.0,0.4
1488.0,-6.0,0.4
1489.0,-6.0,0.4
1490.0,-6.0,0.4
1491.0,-6.0,0.4
1492.0,-6.0,0.4
1493.0,-6.0,0.4
1494.0,-6.0,0.4
1495.0,-6.0,0.4
1496.0,-6.0,0.4
1497.0,-6.0,0.4
1498.0,-6.0,0.4
1499.0,-6.0,0.4
1500.0,-6.0,0.4
1501.0,-6.0,0.4
1502.0,-6.0,0.4
1503.0,-6.0,0.4
1504.0,-6.0,0.4
1505.0,-6.0,0.4
1506.0,-6.0,0.4
1507.0,-6.0,0.4
1508.0,-6.0,0.4
1509.0,-6.0,0.4
1510.0,-6.0,0.4
1511.0,-6.0,0.4
1512.0,-6.0,0.4
1513.0,-6.0,0.4
1514.0,-6.0,0.4
1515.0,-6.0,0.4
1516.0,-6.0,0.4
1517.0,-6.0,0.4
1518.0,-6.0,0.4
1519.0,-6.0,0.4
1520.0,-6.0,0.4
1521.0,-6.0,0.4
1522.0,-6.0,0.4
1523.0,-6.0,0.4
1524.0,-6.0,0.4
1525.0,-6.0,0.4
1526.0,-6.0,0.4
1527.0,-6.0,0.4
1528.0,-6.0,0.4
1529.0,-6.0,0.4
1530.0,-6.0,0.4
1531.0,-6.0,0.4
1532.0,-6.0,0.4
1533.0,-6.0,0.4
1534.0,-6.0,0.4
1535.0,-6.0,0.4
1536.0,-6.0,0.4
1537.0,-6.0,0.4
1538.0,-6.0,0.40249999999999997
1539.0,-6.0,0.40249999999999997
1540.0,-6.0,0.40249999999999997
1541.0,-6.0,0.40249999999999997
1542.0,-6.0,0.40249999999999997
1543.0,-6.0,0.40249999999999997
1544.0,-6.0,0.40249999999999997
1545.0,-6.0,0.40249999999999997
1546.0,-6.0,0.40249999999999997
1547.0,-6.0,0.40249999999999997
1548.0,-6.0,0.40249999999999997
1549.0,-6.0,0.40249999999999997
1550.0,-6.0,0.40249999999999997
1551.0,-6.0,0.405
1552.0,-6.0,0.405
1553.0,-6.0,0.405
1554.0,-6.0,0.405
1555.0,-6.0,0.405
1556.0,-6.0,0.405
1557.0,-6.0,0.405
1558.0,-6.0,0.405
1559.0,-6.0,0.405
1560.0,-6.0,0.405
1561.0,-6.0,0.405
1562.0,-6.0,0.405
1563.0,-6.0,0.405
1564.0,-6.0,0.405
1565.0,-6.0,0.405
1566.0,-6.0,0.405
1567.0,-6.0,0.405
1568.0,-6.0,0.405
1569.0,-6.0,0.405
1570.0,-6.0,0.405
1571.0,-6.0,0.405
1572.0,-6.0,0.405
1573.0,-6.0,0.405
1574.0,-6.0,0.405
1575.0,-6.0,0.405
1576.0,-6.0,0.405
1577.0,-6.0,0.405
1578.0,-6.0,0.405
1579.0,-6.0,0.405
1580.0,-6.0,0.405
1581.0,-6.0,0.405
1582.0,-6.0,0.405
1583.0,-6.0,0.405
1584.0,-6.0,0.405
1585.0,-6.0,0.405
1586.0,-6.0,0.405
1587.0,-6.0,0.405
1588.0,-6.0,0.405
1589.0,-6.0,0.405
1590.0,-6.0,0.405
1591.0,-6.0,0.405
1592.0,-6.0,0.405
1593.0,-6.0,0.405
1594.0,-6.0,0.405
1595.0,-6.0,0.405
1596.0,-6.0,0.405
1597.0,-6.0,0.405
1598.0,-6.0,0.405
1599.0,-6.0,0.405
1600.0,-6.0,0.405
1601.0,-6.0,0.405
1602.0,-6.0,0.405
1603.0,-6.0,0.405
1604.0,-6.0,0.405
1605.0,-6.0,0.405
1606.0,-6.0,0.405
1607.0,-6.0,0.405
1608.0,-6.0,0.405
1609.0,-6.0,0.405
1610.0,-6.0,0.405
1611.0,-6.0,0.405
1612.0,-6.0,0.405
1613.0,-6.0,0.405
1614.0,-6.0,0.405
1615.0,-6.0,0.405
1616.0,-6.0,0.405
1617.0,-6.0,0.405
1618.0,-6.0,0.405
1619.0,-6.0,0.405
1620.0,-6.0,0.405
1621.0,-6.0,0.405
1622.0,-6.0,0.405
1623.0,-6.0,0.405
1624.0,-6.0,0.405
1625.0,-6.0,0.405
1626.0,-6.0,0.405
1627.0,-6.0,0.405
1628.0,-6.0,0.405
1629.0,-6.0,0.405
1630.0,-6.0,0.405
1631.0,-6.0,0.405
1632.0,-6.0,0.405
1633.0,-6.0,0.405
1634.0,-6.0,0.405
1635.0,-6.0,0.405
1636.0,-6.0,0.405
1637.0,-6.0,0.405
1638.0,-6.0,0.405
1639.0,-6.0,0.405
1640.0,-6.0,0.405
1641.0,-6.0,0.405
1642.0,-6.0,0.405
1643.0,-6.0,0.405
1644.0,-6.0,0.405
1645.0,-6.0,0.405
1646.0,-6.0,0.405
1647.0,-6.0,0.405
1648.0,-6.0,0.405
1649.0,-6.0,0.405
1650.0,-6.0,0.405
1651.0,-6.0,0.405
1652.0,-6.0,0.405
1653.0,-6.0,0.405
1654.0,-6.0,0.405
1655.0,-6.0,0.405
1656.0,-6.0,0.405
1657.0,-6.0,0.405
1658.0,-6.0,0.405
1659.0,-6.0,0.405
1660.0,-6.0,0.405
1661.0,-6.0,0.405
1662.0,-6.0,0.405
1663.0,-6.0,0.405
1664.0,-6.0,0.405
1665.0,-6.0,0.405
1666.0,-6.0,0.405
1667.0,-6.0,0.405
1668.0,-6.0,0.405
1669.0,-6.0,0.405
1670.0,-6.0,0.405
1671.0,-6.0,0.405
1672.0,-6.0,0.4075
1673.0,-6.0,0.4075
1674.0,-6.0,0.4075
1675.0,-6.0,0.4075
1676.0,-6.0,0.4075
1677.0,-6.0,0.4075
1678.0,-6.0,0.4075
1679.0,-6.0,0.4075
1680.0,-6.0,0.4075
1681.0,-6.0,0.4075
1682.0,-6.0,0.4075
1683.0,-6.0,0.4075
1684.0,-6.0,0.4075
1685.0,-6.0,0.4075
1686.0,-6.0,0.4075
1687.0,-6.0,0.4075
1688.0,-6.0,0.4075
1689.0,-6.0,0.4075
1690.0,-6.0,0.4075
1691.0,-6.0,0.4075
1692.0,-6.0,0.4075
1693.0,-6.0,0.4075
1694.0,-6.0,0.4075
1695.0,-6.0,0.4075
1696.0,-6.0,0.4075
1697.0,-6.0,0.4075
1698.0,-6.0,0.4075
1699.0,-6.0,0.4075
1700.0,-6.0,0.4075
1701.0,-6.0,0.4075
1702.0,-6.0,0.4075
1703.0,-6.0,0.4075
1704.0,-6.0,0.4075
1705.0,-6.0,0.4075
1706.0,-6.0,0.4075
1707.0,-6.0,0.4075
1708.0,-6.0,0.4075
1709.0,-6.0,0.4075
1710.0,-6.0,0.4075
1711.0,-6.0,0.4075
1712.0,-6.0,0.4075
1713.0,-6.0,0.4075
1714.0,-6.0,0.4075
1715.0,-6.0,0.4075
1716.0,-6.0,0.4075
1717.0,-6.0,0.4075
1718.0,-6.0,0.4075
1719.0,-6.0,0.4075
1720.0,-6.0,0.4075
1721.0,-6.0,0.4075
1722.0,-6.0,0.4075
1723.0,-6.0,0.4075
1724.0,-6.0,0.4075
1725.0,-6.0,0.4075
1726.0,-6.0,0.4075
1727.0,-6.0,0.4075
1728.0,-6.0,0.4075
1729.0,-6.0,0.4075
1730.0,-6.0,0.4075
1731.0,-6.0,0.4075
1732.0,-6.0,0.4075
1733.0,-6.0,0.4075
1734.0,-6.0,0.4075
1735.0,-6.0,0.4075
1736.0,-6.0,0.4075
1737.0,-6.0,0.4075
1738.0,-6.0,0.4075
1739.0,-6.0,0.4075
1740.0,-6.0,0.4075
1741.0,-6.0,0.4075
1742.0,-6.0,0.4075
1743.0,-6.0,0.4075
1744.0,-6.0,0.4075
1745.0,-6.0,0.4075
1746.0,-6.0,0.4075
1747.0,-6.0,0.4075
1748.0,-6.0,0.4075
1749.0,-6.0,0.4075
1750.0,-6.0,0.4075
1751.0,-6.0,0.4075
1752.0,-6.0,0.4075
1753.0,-6.0,0.4075
1754.0,-6.0,0.4075
1755.0,-6.0,0.4075
1756.0,-6.0,0.4075
1757.0,-6.0,0.4075
1758.0,-6.0,0.4075
1759.0,-6.0,0.4075
1760.0,-6.0,0.4075
1761.0,-6.0,0.4075
1762.0,-6.0,0.4075
1763.0,-6.0,0.4075
1764.0,-6.0,0.4075
1765.0,-6.0,0.4075
1766.0,-6.0,0.4075
1767.0,-6.0,0.4075
1768.0,-6.0,0.4075
1769.0,-6.0,0.4075
1770.0,-6.0,0.4075
1771.0,-6.0,0.4075
1772.0,-6.0,0.4075
1773.0,-6.0,0.4075
1774.0,-6.0,0.4075
1775.0,-6.0,0.4075
1776.0,-6.0,0.4075
1777.0,-6.0,0.4075
1778.0,-6.0,0.4075
1779.0,-6.0,0.4075
1780.0,-6.0,0.4075
1781.0,-6.0,0.4075
1782.0,-6.0,0.4075
1783.0,-6.0,0.4075
1784.0,-6.0,0.4075
1785.0,-6.0,0.4075
1786.0,-6.0,0.4075
1787.0,-6.0,0.4075
1788.0,-6.0,0.4075
1789.0,-6.0,0.4075
1790.0,-6.0,0.4075
1791.0,-6.0,0.4075
1792.0,-6.0,0.4075
1793.0,-6.0,0.4075
1794.0,-6.0,0.4075
1795.0,-6.0,0.4075
1796.0,-6.0,0.4075
1797.0,-6.0,0.4075
1798.0,-6.0,0.4075
1799.0,-6.0,0.4075
1800.0,-6.0,0.4075
1801.0,-6.0,0.4075
1802.0,-6.0,0.4075
1803.0,-6.0,0.4075
1804.0,-6.0,0.4075
1805.0,-6.0,0.4075
1806.0,-6.0,0.4075
1807.0,-6.0,0.4075
1808.0,-6.0,0.4075
1809.0,-6.0,0.4075
1810.0,-6.0,0.4075
1811.0,-6.0,0.4075
1812.0,-6.0,0.4075
1813.0,-6.0,0.4075
1814.0,-6.0,0.4075
1815.0,-6.0,0.4075
1816.0,-6.0,0.4075
1817.0,-6.0,0.4075
1818.0,-6.0,0.4075
1819.0,-6.0,0.4075
1820.0,-6.0,0.4075
1821.0,-6.0,0.4075
1822.0,-6.0,0.4075
1823.0,-6.0,0.4075
1824.0,-6.0,0.4075
1825.0,-6.0,0.4075
1826.0,-6.0,0.4075
1827.0,-6.0,0.4075
1828.0,-6.0,0.4075
1829.0,-6.0,0.4075
1830.0,-6.0,0.4075
1831.0,-6.0,0.4075
1832.0,-6.0,0.4075
1833.0,-6.0,0.4075
1834.0,-6.0,0.4075
1835.0,-6.0,0.4075
1836.0,-6.0,0.4075
1837.0,-6.0,0.4075
1838.0,-6.0,0.4075
1839.0,-6.0,0.4075
1840.0,-6.0,0.4075
1841.0,-6.0,0.4075
1842.0,-6.0,0.4075
1843.0,-6.0,0.4075
1844.0,-6.0,0.4075
1845.0,-6.0,0.4075
1846.0,-6.0,0.4075
1847.0,-6.0,0.4075
1848.0,-6.0,0.4075
1849.0,-6.0,0.4075
1850.0,-6.0,0.4075
1851.0,-6.0,0.4075
1852.0,-6.0,0.4075
1853.0,-6.0,0.4075
1854.0,-6.0,0.4075
1855.0,-6.0,0.4075
1856.0,-6.0,0.4075
1857.0,-6.0,0.4075
1858.0,-6.0,0.4075
1859.0,-6.0,0.4075
1860.0,-6.0,0.4075
1861.0,-6.0,0.4075
1862.0,-6.0,0.4075
1863.0,-6.0,0.4075
1864.0,-6.0,0.4075
1865.0,-6.0,0.4075
1866.0,-6.0,0.4075
1867.0,-6.0,0.4075
1868.0,-6.0,0.4075
1869.0,-6.0,0.4075
1870.0,-6.0,0.4075
1871.0,-6.0,0.4075
1872.0,-6.0,0.4075
1873.0,-6.0,0.4075
1874.0,-6.0,0.4075
1875.0,-6.0,0.4075
1876.0,-6.0,0.4075
1877.0,-6.0,0.4075
1878.0,-6.0,0.4075
1879.0,-6.0,0.4075
1880.0,-6.0,0.4075
1881.0,-6.0,0.4075
1882.0,-6.0,0.4075
1883.0,-6.0,0.4075
1884.0,-6.0,0.4075
1885.0,-6.0,0.4075
1886.0,-6.0,0.4075
1887.0,-6.0,0.4075
1888.0,-6.0,0.4075
1889.0,-6.0,0.4075
1890.0,-6.0,0.4075
1891.0,-6.0,0.4075
1892.0,-6.0,0.4075
1893.0,-6.0,0.4075
1894.0,-6.0,0.4075
1895.0,-6.0,0.4075
1896.0,-6.0,0.4075
1897.0,-6.0,0.4075
1898.0,-6.0,0.4075
1899.0,-6.0,0.4075
1900.0,-6.0,0.4075
1901.0,-6.0,0.4075
1902.0,-6.0,0.4075
1903.0,-6.0,0.4075
1904.0,-6.0,0.4075
1905.0,-6.0,0.4075
1906.0,-6.0,0.4075
1907.0,-6.0,0.4075
1908.0,-6.0,0.4075
1909.0,-6.0,0.4075
1910.0,-6.0,0.4075
1911.0,-6.0,0.4075
1912.0,-6.0,0.41000000000000003
1913.0,-6.0,0.41000000000000003
1914.0,-6.0,0.41000000000000003
1915.0,-6.0,0.41000000000000003
1916.0,-6.0,0.41000000000000003
1917.0,-6.0,0.41000000000000003
1918.0,-6.0,0.41000000000000003
1919.0,-6.0,0.41000000000000003
1920.0,-6.0,0.41000000000000003
1921.0,-6.0,0.41000000000000003
1922.0,-6.0,0.41000000000000003
1923.0,-6.0,0.41000000000000003
1924.0,-6.0,0.41000000000000003
1925.0,-6.0,0.41000000000000003
1926.0,-6.0,0.41000000000000003
1927.0,-6.0,0.41000000000000003
1928.0,-6.0,0.41000000000000003
1929.0,-6.0,0.41000000000000003
1930.0,-6.0,0.41000000000000003
1931.0,-6.0,0.41000000000000003
1932.0,-6.0,0.41000000000000003
1933.0,-6.0,0.41000000000000003
1934.0,-6.0,0.41000000000000003
1935.0,-6.0,0.41000000000000003
1936.0,-6.0,0.41000000000000003
1937.0,-6.0,0.41000000000000003
1938.0,-6.0,0.41000000000000003
1939.0,-6.0,0.41000000000000003
1940.0,-6.0,0.41000000000000003
1941.0,-6.0,0.41000000000000003
1942.0,-6.0,0.41000000000000003
1943.0,-6.0,0.41000000000000003
1944.0,-6.0,0.41000000000000003
1945.0,-6.0,0.41000000000000003
1946.0,-6.0,0.41000000000000003
1947.0,-6.0,0.41000000000000003
1948.0,-6.0,0.41000000000000003
1949.0,-6.0,0.41000000000000003
1950.0,-6.0,0.41000000000000003
1951.0,-6.0,0.41000000000000003
1952.0,-6.0,0.41000000000000003
1953.0,-6.0,0.41000000000000003
1954.0,-6.0,0.41000000000000003
1955.0,-6.0,0.41000000000000003
1956.0,-6.0,0.41000000000000003
1957.0,-6.0,0.41000000000000003
1958.0,-6.0,0.41000000000000003
1959.0,-6.0,0.41000000000000003
1960.0,-6.0,0.41000000000000003
1961.0,-6.0,0.41000000000000003
1962.0,-6.0,0.41000000000000003
1963.0,-6.0,0.41000000000000003
1964.0,-6.0,0.41000000000000003
1965.0,-6.0,0.41000000000000003
1966.0,-6.0,0.41000000000000003
1967.0,-6.0,0.41000000000000003
1968.0,-6.0,0.41000000000000003
1969.0,-6.0,0.41000000000000003
1970.0,-6.0,0.41000000000000003
1971.0,-6.0,0.41000000000000003
1972.0,-6.0,0.41000000000000003
1973.0,-6.0,0.41000000000000003
1974.0,-6.0,0.41000000000000003
1975.0,-6.0,0.41000000000000003
1976.0,-6.0,0.41000000000000003
1977.0,-6.0,0.41000000000000003
1978.0,-6.0,0.41000000000000003
1979.0,-6.0,0.41000000000000003
1980.0,-6.0,0.41000000000000003
1981.0,-6.0,0.41000000000000003
1982.0,-6.0,0.41000000000000003
1983.0,-6.0,0.41000000000000003
1984.0,-6.0,0.41000000000000003
1985.0,-6.0,0.41000000000000003
1986.0,-6.0,0.41000000000000003
1987.0,-6.0,0.41000000000000003
1988.0,-6.0,0.41000000000000003
1989.0,-6.0,0.41000000000000003
1990.0,-6.0,0.41000000000000003
1991.0,-6.0,0.41000000000000003
1992.0,-6.0,0.41000000000000003
1993.0,-6.0,0.41000000000000003
1994.0,-6.0,0.41000000000000003
1995.0,-6.0,0.41000000000000003
1996.0,-6.0,0.41000000000000003
1997.0,-6.0,0.41000000000000003
1998.0,-6.0,0.41000000000000003
1999.0,-6.0,0.41000000000000003
2000.0,-6.0,0.41000000000000003
